{"cameraMode":{"drawMode":0,"name":"Shaded","section":"Shading Mode"},"sceneLighting":true,"audioPlay":false,"sceneViewState":{"showFog":true,"showMaterialUpdate":false,"showSkybox":true,"showFlares":true,"showImageEffects":true,"showParticleSystems":true},"in2DMode":false,"pivot":{"x":-4.96630859375,"y":3.104827880859375,"z":-13.0068359375},"rotation":{"x":-0.02834746427834034,"y":0.10178154706954956,"z":0.002901798812672496,"w":0.9943986535072327},"size":4.071565628051758,"orthographic":true}